income,credit_score,loan_amount,loan_term,employment_status_employed,employment_status_self-employed,employment_status_unemployed,loan_approved
1.629074755588669,-1.5080330339581633,-0.6371376898963825,0.17049383720475197,0.0,1.0,0.0,1
-0.09349936200146244,0.20511246300010255,0.8289206019097453,1.9102268699063052,1.0,0.0,0.0,0
0.405934203511858,0.7068193585378804,1.5393488933861372,0.17049383720475197,0.0,1.0,0.0,1
-0.22233435456666617,0.35195350559652533,0.33396999063029775,0.17049383720475197,0.0,1.0,0.0,0
-0.31474299167115755,0.6089253301402652,-0.2954516541555135,-0.6993726791460246,1.0,0.0,0.0,0
-0.7297555519012392,-1.3856654984611443,-1.1024398684870775,-0.6993726791460246,0.0,0.0,1.0,0
0.2390891009006936,0.30300649139771774,0.20225318311141371,0.17049383720475197,0.0,1.0,0.0,0
-0.7710020300127074,-0.3088311860873772,-1.1980277115819626,-1.5692391954968012,0.0,1.0,0.0,1
0.5055730245924832,-0.4923824893329057,-0.645724394445584,-0.6993726791460246,1.0,0.0,0.0,1
1.0662910066654143,0.8414236475846013,0.046396394878736626,-0.6993726791460246,1.0,0.0,0.0,1
0.1720893960551868,1.4287878179702924,-0.34502772193014886,-1.5692391954968012,1.0,0.0,0.0,1
-0.403708684025109,1.7469434102625419,-0.7772791886710869,0.17049383720475197,0.0,0.0,1.0,1
0.2644980331596782,1.2697100218241677,-0.4629733995116342,0.17049383720475197,1.0,0.0,0.0,1
-0.42030367772271143,-0.12527988284184874,-1.738018018421373,-1.5692391954968012,0.0,1.0,0.0,1
0.8526218554469069,0.32747999849712156,0.8110991396378175,0.17049383720475197,1.0,0.0,0.0,1
-1.2066033998510177,0.7312928656372842,-0.12955004173320445,0.17049383720475197,1.0,0.0,0.0,1
-0.44006618059081054,0.10721843460248735,0.013183669735598579,0.17049383720475197,1.0,0.0,0.0,1
-1.2594181723243,0.10721843460248735,0.18329762778581785,0.17049383720475197,1.0,0.0,0.0,0
-1.0804539041912353,0.7924766333857937,-0.43478308646331215,0.17049383720475197,0.0,1.0,0.0,1
1.508915983794826,-0.07633286864304113,1.1518130956183996,0.17049383720475197,1.0,0.0,0.0,0
0.7977413161233007,-0.7248808067772418,0.3882444439129868,-0.6993726791460246,0.0,1.0,0.0,0
-0.694293220970678,-0.4189619680346943,-0.7042111933561832,-0.6993726791460246,1.0,0.0,0.0,0
-1.0834836955717104,0.6089253301402652,-1.2615369225873778,-0.6993726791460246,0.0,0.0,1.0,0
-1.504624697457753,-0.015149100894531642,1.068052222940339,0.17049383720475197,0.0,1.0,0.0,0
-0.5837746944783467,0.3152432449474196,-0.9389684554654858,-0.6993726791460246,0.0,1.0,0.0,1
3.87855713780143,0.6456355907893709,1.197500844351887,-0.6993726791460246,1.0,0.0,0.0,1
0.24397808244646027,-0.3822517073855886,0.531140168675171,0.17049383720475197,1.0,0.0,0.0,1
-0.5942412465199881,0.7190561120875824,-0.374352128032139,-0.6993726791460246,1.0,0.0,0.0,0
0.2765483397865679,0.35195350559652533,-1.2655872549219067,-0.6993726791460246,1.0,0.0,0.0,1
-1.106826860980371,-1.2265877023150196,-0.2583506099712276,-1.5692391954968012,0.0,1.0,0.0,0
-0.411902892531394,1.3920775573211868,-0.23631680207138966,0.17049383720475197,0.0,1.0,0.0,1
-0.08633803692033942,-0.5046192428826076,-1.2153631339737467,-0.6993726791460246,0.0,0.0,1.0,1
-0.24664154450547798,-1.6304005694551824,0.5645149071116902,-0.6993726791460246,1.0,0.0,0.0,0
0.6607809739468227,-1.043036399069491,0.5781240237557077,-0.6993726791460246,1.0,0.0,0.0,0
0.14964139628166653,-1.0185628919700873,-0.8936047333187607,0.17049383720475197,1.0,0.0,0.0,0
0.5088782515530016,0.03379791330427596,2.4043378667481567,1.9102268699063052,1.0,0.0,0.0,0
-0.6754258837377193,-0.28435767898797343,0.23724805448174452,0.17049383720475197,1.0,0.0,0.0,0
0.8012531197688514,-0.3455414467364829,0.45969230629407887,0.17049383720475197,1.0,0.0,0.0,1
1.99141026113549,0.5966885765905633,3.0203124081833317,1.9102268699063052,1.0,0.0,0.0,0
-0.8357982502178687,0.3152432449474196,0.39780322822247527,1.9102268699063052,0.0,1.0,0.0,1
-0.7911776862508714,0.29076973784801585,-0.3790505135401927,0.17049383720475197,1.0,0.0,0.0,0
1.461472205132386,0.38866376624563104,0.9228883120708188,1.9102268699063052,0.0,1.0,0.0,1
-0.3312002675787384,0.5844518230408614,1.0011407327739197,1.9102268699063052,0.0,1.0,0.0,1
1.5776371610156028,-2.0831604507941526,1.2559876432624861,0.17049383720475197,1.0,0.0,0.0,0
-0.5158109651026888,-0.37001495383588673,-0.20180797058120234,0.17049383720475197,0.0,1.0,0.0,0
1.6677734545847378,-2.144344218542662,-0.37143588875127814,-1.5692391954968012,0.0,1.0,0.0,0
-0.057141865435760913,0.021561159754574056,-0.5191920123148971,-1.5692391954968012,1.0,0.0,0.0,0
0.06315462414810381,-0.015149100894531642,0.0293849990737147,0.17049383720475197,1.0,0.0,0.0,1
1.8686348513312365,1.012738197280428,-0.059722312285923965,0.17049383720475197,0.0,1.0,0.0,1
-0.4590023767187801,1.1473424863271489,-1.3765663608880023,0.17049383720475197,1.0,0.0,0.0,0
-0.8203049988404391,0.18063895590069876,0.08641367834388344,0.17049383720475197,1.0,0.0,0.0,1
-0.5200113576983475,-0.5046192428826076,-1.738018018421373,0.17049383720475197,1.0,0.0,0.0,1
0.26277656078440825,0.4620842875438424,0.35567977194337336,0.17049383720475197,0.0,1.0,0.0,1
-1.1087549100406733,-0.5290927499820114,-1.5559150766609477,-1.5692391954968012,0.0,1.0,0.0,0
0.47210760161723525,-0.015149100894531642,1.0333813781567707,-0.6993726791460246,0.0,1.0,0.0,1
-0.5806760442028608,0.9515544295319184,-0.6470205007926333,0.17049383720475197,0.0,1.0,0.0,1
1.1603522572501648,-0.5658030106311172,1.1881040733357797,0.17049383720475197,1.0,0.0,0.0,0
-1.3756519871025277,0.7680031262863899,-0.3322286717530371,1.9102268699063052,1.0,0.0,0.0,1
-0.7338870856018871,0.6456355907893709,0.4135185176804479,1.9102268699063052,1.0,0.0,0.0,0
-1.1548215108028974,-0.945142370671876,0.7004440602584844,1.9102268699063052,1.0,0.0,0.0,1
-0.7566793798504614,0.9393176759822165,-1.0371485112544696,-0.6993726791460246,0.0,1.0,0.0,1
0.05282578989648405,0.6701090978887747,0.8878934407004879,0.17049383720475197,1.0,0.0,0.0,0
-0.32169774006724816,0.08274492750308356,-1.2422573406750197,-0.6993726791460246,1.0,0.0,0.0,1
-0.37898834071623244,-0.7615910674263475,0.09581044935999079,0.17049383720475197,0.0,1.0,0.0,1
-0.30586019421476457,-0.8594850958239627,1.2903344614592924,1.9102268699063052,1.0,0.0,0.0,0
0.010133274989789075,-0.5413295035317133,0.2691646732778333,-0.6993726791460246,1.0,0.0,0.0,0
-0.8559050475610218,0.51103130174265,1.1626679862749374,0.17049383720475197,1.0,0.0,0.0,0
0.5556334412653336,-0.945142370671876,-0.6016567786459082,-0.6993726791460246,1.0,0.0,0.0,1
0.5021300798419434,0.4131372733450348,-1.128037968841301,-0.6993726791460246,1.0,0.0,0.0,1
0.19130102776319954,-1.2265877023150196,-0.9772035927034398,-0.6993726791460246,1.0,0.0,0.0,1
0.37818406882250627,-0.21093715768976204,0.13598974611851877,-1.5692391954968012,1.0,0.0,0.0,1
0.10088929861402131,0.09498168105278545,1.1568355077132155,1.9102268699063052,1.0,0.0,0.0,1
2.8666068167227374,2.3832545948470405,1.6198695001965742,0.17049383720475197,0.0,1.0,0.0,1
-0.24746785124560755,-1.3611919913617405,-0.9844941909055921,0.17049383720475197,1.0,0.0,0.0,1
-0.41913307650752785,1.4287878179702924,0.4574241201867426,0.17049383720475197,1.0,0.0,0.0,1
-0.7145377361038527,0.13169194170189114,-1.6327093777236181,-0.6993726791460246,1.0,0.0,0.0,1
-0.8681619308729439,0.38866376624563104,0.218616525742911,-0.6993726791460246,1.0,0.0,0.0,1
-0.9715879911791631,0.09498168105278545,1.8649956130822711,0.17049383720475197,0.0,1.0,0.0,0
-0.7917974163059686,0.42537402689473675,-0.3837488990482464,-0.6993726791460246,1.0,0.0,0.0,1
-0.23390264892848028,-0.16199014349095442,1.0526609600691288,1.9102268699063052,0.0,1.0,0.0,0
0.1390371264500036,1.4043143108708886,-0.9221190729538451,-1.5692391954968012,0.0,1.0,0.0,1
-0.12951256409210998,-0.4679089822335019,-1.4802548686519454,0.17049383720475197,1.0,0.0,0.0,1
-0.721630202289965,1.098395472128341,-0.808547754293651,0.17049383720475197,0.0,1.0,0.0,1
0.8044206289393481,-0.6514602854790303,-0.7396921046066576,-0.6993726791460246,1.0,0.0,0.0,1
0.5959158948466506,-0.07633286864304113,-1.1345185005765475,-0.6993726791460246,1.0,0.0,0.0,1
-0.30620448868981853,-1.067509906168895,1.938063608397175,1.9102268699063052,1.0,0.0,0.0,1
-0.6535976140192963,0.42537402689473675,-0.3881232579695377,-0.6993726791460246,0.0,1.0,0.0,1
0.3689569768910593,1.4043143108708886,0.5518778702279595,0.17049383720475197,1.0,0.0,0.0,1
-0.0044648107525001755,-0.08856962219274303,-0.19937777118048491,0.17049383720475197,1.0,0.0,0.0,1
-1.061104554693201,-0.21093715768976204,-0.9600301836050368,-0.6993726791460246,1.0,0.0,0.0,1
-0.23163030539312393,-1.1042201668180007,0.7147012300760266,0.17049383720475197,1.0,0.0,0.0,0
0.06687300447868692,-0.23541066478916584,0.06162564445656578,0.17049383720475197,0.0,1.0,0.0,0
-0.797788140171908,-1.5692168017066728,-0.2538142377565551,-0.6993726791460246,1.0,0.0,0.0,0
-0.0027433383772302164,-0.9084321100227702,-0.10686818065984187,0.17049383720475197,1.0,0.0,0.0,0
-1.063858910493633,0.20511246300010255,-1.0985515494459297,-0.6993726791460246,1.0,0.0,0.0,1
1.4621607940824939,1.2819467753738696,-0.9776896325835833,-1.5692391954968012,1.0,0.0,0.0,1
1.3172128200847635,2.432201609045848,-0.8670345532042503,0.17049383720475197,1.0,0.0,0.0,1
-0.37829975176612446,-0.5902765177305209,0.29362868057838865,1.9102268699063052,1.0,0.0,0.0,0
0.16892188688469006,1.3920775573211868,-0.4615152798712038,-1.5692391954968012,1.0,0.0,0.0,0
-1.379645803013154,0.22958597009950635,-1.738018018421373,-0.6993726791460246,0.0,0.0,1.0,0
-0.9299972185926408,-0.16199014349095442,-0.45600682789624425,0.17049383720475197,0.0,0.0,1.0,1
-0.4092862545209837,0.4131372733450348,-0.11513085862228109,0.17049383720475197,0.0,1.0,0.0,0
-0.8884753049011295,0.046034666853977856,-1.738018018421373,-1.5692391954968012,1.0,0.0,0.0,1
0.5649293920917914,0.09498168105278545,-0.7196024562273935,-0.6993726791460246,0.0,0.0,1.0,0
2.7775034065787643,-0.4189619680346943,1.8209279972825954,0.17049383720475197,0.0,1.0,0.0,1
-0.9397063227891634,-1.3856654984611443,-0.443693817599276,-0.6993726791460246,0.0,1.0,0.0,0
-0.7630832570864656,-1.5202697875078652,-1.6003067190473859,-0.6993726791460246,1.0,0.0,0.0,0
0.04091320105961594,0.6211620836899671,-0.12128736377076522,-0.6993726791460246,1.0,0.0,0.0,1
1.956980813630091,-0.28435767898797343,1.8944820324776426,0.17049383720475197,1.0,0.0,0.0,1
-0.9613280158225541,-0.6025132712802228,0.18507977401301062,0.17049383720475197,0.0,0.0,1.0,0
0.054134108901689224,-0.002912347344829742,0.6521640988308983,1.9102268699063052,1.0,0.0,0.0,1
2.3838371038020303,0.7680031262863899,0.9081451023731331,0.17049383720475197,1.0,0.0,0.0,1
-1.1418760385408673,0.15616544880129496,-1.047679375324245,0.17049383720475197,1.0,0.0,0.0,1
-0.9883895615617978,-0.6514602854790303,0.5687272527396003,1.9102268699063052,1.0,0.0,0.0,0
-0.502727775050637,1.1840527469762545,-0.04886742162938616,0.17049383720475197,1.0,0.0,0.0,0
-0.5686257375759711,1.5266818463679077,0.26884064669107094,0.17049383720475197,0.0,1.0,0.0,1
0.6887376853212068,0.47432104109354434,1.1646121457955112,1.9102268699063052,0.0,1.0,0.0,0
0.046972783820566195,0.9393176759822165,0.41675878354807117,-0.6993726791460246,0.0,1.0,0.0,0
-1.1869097558779296,1.1962895005259564,-0.4845211675313286,0.17049383720475197,1.0,0.0,0.0,1
0.33191089137524976,1.0861587185786392,0.8606752074124528,0.17049383720475197,1.0,0.0,0.0,1
-0.605878399776813,0.5844518230408614,-0.20294206363487047,-1.5692391954968012,1.0,0.0,0.0,1
1.3601119116764908,0.5722150694911595,0.10553124696286047,0.17049383720475197,1.0,0.0,0.0,1
-0.6377600681668126,0.4987945481929481,-1.738018018421373,-0.6993726791460246,1.0,0.0,0.0,1
-0.6434753564527089,-1.0919834132682988,0.6464936335625577,-0.6993726791460246,1.0,0.0,0.0,0
0.3607627683847743,0.6701090978887747,0.4478653358772541,0.17049383720475197,1.0,0.0,0.0,1
0.6253875019112723,-1.3367184842623367,-1.3359010242493308,-0.6993726791460246,1.0,0.0,0.0,1
0.25816301481868476,-0.7983013280754532,-0.39136352383716094,0.17049383720475197,1.0,0.0,0.0,0
-1.1544772163278434,1.2574732682744658,0.7289583998935688,1.9102268699063052,1.0,0.0,0.0,1
0.3572509647392236,0.8047133869354957,0.011563536801786966,0.17049383720475197,1.0,0.0,0.0,1
-0.8692636731931167,1.4410245715199943,-1.1354905803368343,-0.6993726791460246,1.0,0.0,0.0,0
0.04077548326959434,-0.28435767898797343,0.8851392147130082,-0.6993726791460246,1.0,0.0,0.0,1
-1.050844579336592,-1.1409304274671064,-1.6630058635858953,-0.6993726791460246,0.0,0.0,1.0,0
0.2563038246533932,-0.24764741833886772,-1.1087583869289428,-1.5692391954968012,1.0,0.0,0.0,0
-0.7454553799637013,0.08274492750308356,0.4867485262887328,1.9102268699063052,1.0,0.0,0.0,0
-0.9890781505119058,0.058271420403679754,-0.14234909191031617,0.17049383720475197,1.0,0.0,0.0,0
0.5642408031416835,1.098395472128341,0.42340132857669877,-0.6993726791460246,1.0,0.0,0.0,1
0.046972783820566195,-0.37001495383588673,0.8157975251458712,0.17049383720475197,0.0,0.0,1.0,1
-0.6292215651854737,0.32747999849712156,-0.43559315293021794,-0.6993726791460246,1.0,0.0,0.0,1
1.660887565083658,-0.9818526313209817,0.6613988565536245,-1.5692391954968012,0.0,1.0,0.0,0
-0.5145715049924944,0.42537402689473675,-0.7471447161021909,-0.6993726791460246,1.0,0.0,0.0,1
-0.146245275579734,-0.015149100894531642,0.028412919313427733,0.17049383720475197,1.0,0.0,0.0,1
0.07362117618974516,-0.7493543138766456,0.178437228984383,0.17049383720475197,1.0,0.0,0.0,1
-0.6328022277260351,-0.24764741833886772,-0.4240902091001555,-0.6993726791460246,0.0,0.0,1.0,0
0.28315879370760455,-0.19870040414006013,1.4737335095667667,1.9102268699063052,1.0,0.0,0.0,0
-0.5771642405573101,-0.28435767898797343,0.8522505161566325,1.9102268699063052,1.0,0.0,0.0,0
-0.49432698985931967,1.722469903163138,-0.1668130992108715,0.17049383720475197,1.0,0.0,0.0,1
1.5068502169445022,-0.11304312929214684,-0.14623741095146406,-0.6993726791460246,1.0,0.0,0.0,1
-0.8724311823636134,-0.2598841718885696,-0.9916227758143632,-1.5692391954968012,1.0,0.0,0.0,1
-1.3804032508582729,-2.0709236972444507,-0.035906358158893266,1.9102268699063052,1.0,0.0,0.0,0
1.956636519155037,-0.8961953564730684,0.8985863180636445,-0.6993726791460246,1.0,0.0,0.0,0
4.262927489751706,-0.27212092543827154,4.047314674926513,0.17049383720475197,0.0,1.0,0.0,0
-0.48992002057862855,-0.6881705461281361,-0.6246626663060331,0.17049383720475197,0.0,1.0,0.0,1
-1.2419968718865682,1.3431305431223792,-0.8955488928393346,-1.5692391954968012,1.0,0.0,0.0,1
-0.4216808556229274,-0.17422689704065633,0.7004440602584844,0.17049383720475197,1.0,0.0,0.0,0
-0.403708684025109,1.245236514724764,0.5718055053138424,1.9102268699063052,1.0,0.0,0.0,1
-0.3300985252585656,0.046034666853977856,1.776212328309395,0.17049383720475197,0.0,1.0,0.0,1
-0.9089952556143474,0.021561159754574056,-0.7234907752685414,0.17049383720475197,1.0,0.0,0.0,0
0.40448816671663124,-0.10080637574244493,1.1731988503447128,1.9102268699063052,0.0,1.0,0.0,1
0.3420331489418371,-0.015149100894531642,-0.41679961089800327,0.17049383720475197,0.0,1.0,0.0,0
-1.0801784686111922,1.6735228889643305,-0.7905642787283421,0.17049383720475197,0.0,1.0,0.0,1
0.5462686315438651,-2.291185261139085,0.5376207004104174,0.17049383720475197,1.0,0.0,0.0,1
2.908748460469346,-1.9730296688468354,2.2444307461809507,0.17049383720475197,0.0,0.0,1.0,0
-0.019544908759865014,-0.5413295035317133,-0.022459254808256886,-0.6993726791460246,1.0,0.0,0.0,1
-0.4413056407010049,-0.002912347344829742,0.19674473113645422,-1.5692391954968012,1.0,0.0,0.0,0
-0.2920884152126049,0.6578723443390728,-0.498940350642252,-0.6993726791460246,1.0,0.0,0.0,1
0.44594122151313187,0.4498475339941405,0.014965815962791352,0.17049383720475197,1.0,0.0,0.0,1
-1.171003351130435,-0.3944884609352905,1.6375289491751208,0.17049383720475197,0.0,1.0,0.0,0
-0.026637374945977246,0.9882646901810241,0.3587580245176154,0.17049383720475197,0.0,1.0,0.0,0
-0.4794534685369872,0.9882646901810241,-1.1017918153135529,-0.6993726791460246,1.0,0.0,0.0,1
2.440989986660993,0.16840220235099684,0.7543944869544111,0.17049383720475197,0.0,0.0,1.0,0
-0.3177039241566219,0.9270809224325146,-0.22675801776190116,1.9102268699063052,1.0,0.0,0.0,1
2.067912493492487,0.25405947719891014,1.558304448711733,-0.6993726791460246,1.0,0.0,0.0,0
-0.9042439918586023,-0.5658030106311172,-0.7100436719179051,0.17049383720475197,1.0,0.0,0.0,1
0.4133709641730242,0.6701090978887747,0.370422981641059,0.17049383720475197,0.0,0.0,1.0,1
0.12395702844263876,0.09498168105278545,0.06600000337785714,0.17049383720475197,1.0,0.0,0.0,1
-0.7808488519992516,-0.015149100894531642,-0.08240417335928653,-0.6993726791460246,1.0,0.0,0.0,0
-0.014449350529065937,1.4287878179702924,-0.6402159424706245,0.17049383720475197,1.0,0.0,0.0,1
1.2608173850709197,-2.413552796636104,0.48269819395420377,1.9102268699063052,0.0,0.0,1.0,0
-0.4314588187144608,-1.3979022520108462,0.011563536801786966,0.17049383720475197,0.0,1.0,0.0,0
-1.1568872776532213,-1.177640688116212,0.5893029409990078,1.9102268699063052,0.0,1.0,0.0,0
-0.18921322606647215,-0.37001495383588673,0.87282620441604,1.9102268699063052,0.0,1.0,0.0,0
-0.7993030358621456,-0.2598841718885696,-1.3402753831706222,-0.6993726791460246,0.0,1.0,0.0,0
-0.44495516213657726,-1.4957962804084615,0.3717190879881083,0.17049383720475197,1.0,0.0,0.0,0
-0.24292316417489487,-0.9818526313209817,-0.6750488005475742,0.17049383720475197,1.0,0.0,0.0,1
-1.1619139769890097,-0.8594850958239627,-0.3226698874435486,1.9102268699063052,0.0,1.0,0.0,0
-1.1281042595387076,2.3954913483967424,-1.738018018421373,-1.5692391954968012,0.0,1.0,0.0,1
0.2950713825444727,1.7469434102625419,1.2600379755970152,0.17049383720475197,1.0,0.0,0.0,1
-0.5700717743711978,-0.4189619680346943,0.9193240196164332,1.9102268699063052,1.0,0.0,0.0,0
-1.4181379253241904,-0.37001495383588673,-0.5146556401002246,-0.6993726791460246,0.0,1.0,0.0,0
0.6531376366006241,-1.1409304274671064,1.4016375940121502,0.17049383720475197,1.0,0.0,0.0,0
0.07699526204527428,-1.8873723939989222,2.04758459472284,-0.6993726791460246,0.0,0.0,1.0,0
-0.6909191351151489,-0.12527988284184874,-1.0408748170022362,1.9102268699063052,1.0,0.0,0.0,1
-1.0044336840993138,-0.9940893848706835,-0.41679961089800327,1.9102268699063052,1.0,0.0,0.0,1
0.7188978813359366,-0.10080637574244493,-0.3978440555724074,-0.6993726791460246,0.0,1.0,0.0,1
0.15439266003741162,-1.5814535552563747,-0.5559690299124207,0.17049383720475197,1.0,0.0,0.0,0
3.7703798137394657,-0.7615910674263475,0.8080208870635754,-0.6993726791460246,1.0,0.0,0.0,1
0.22834711327900906,0.13169194170189114,-0.07122525611598642,0.17049383720475197,1.0,0.0,0.0,0
0.19412424245864227,0.33971675204682344,-0.8317156552471571,0.17049383720475197,0.0,1.0,0.0,1
-0.3119886358707256,0.38866376624563104,0.16320797940655385,0.17049383720475197,1.0,0.0,0.0,0
0.69417753802706,-1.312244977162933,-0.19354529261876313,-1.5692391954968012,1.0,0.0,0.0,0
0.4574406569799352,0.8169501404851975,0.35567977194337336,-0.6993726791460246,0.0,1.0,0.0,1
1.3232724028457137,-0.7983013280754532,1.1495449095110633,0.17049383720475197,0.0,0.0,1.0,0
-0.5691077498410466,0.6089253301402652,0.24713086537799536,0.17049383720475197,1.0,0.0,0.0,0
-0.5109219835569221,-0.02738585444423354,-0.5136835603399377,0.17049383720475197,1.0,0.0,0.0,0
-0.5408067439916086,-1.3611919913617405,0.8435017983140497,-1.5692391954968012,1.0,0.0,0.0,1
0.6607121150518119,-0.32106793963707914,0.2612260219021564,-0.6993726791460246,1.0,0.0,0.0,1
1.7457905826319724,0.33971675204682344,0.09629648924013427,1.9102268699063052,1.0,0.0,0.0,0
-0.5270349649894489,0.5844518230408614,-1.6795312195107737,-1.5692391954968012,0.0,1.0,0.0,1
-0.5035540817907667,-0.14975338994125253,-1.738018018421373,-0.6993726791460246,1.0,0.0,0.0,1
0.11858603463179648,1.489971585718802,0.7767523214410114,1.9102268699063052,1.0,0.0,0.0,1
-0.37320419353532536,0.9760279366313221,-0.8866381617033707,-1.5692391954968012,0.0,1.0,0.0,1
0.8754141496954811,-0.27212092543827154,0.12691700168917375,0.17049383720475197,1.0,0.0,0.0,0
-1.3372287236865024,0.7190561120875824,0.6660972420616782,-0.6993726791460246,1.0,0.0,0.0,1
-0.7569548154305046,1.8815476993092628,0.75423247366103,1.9102268699063052,0.0,1.0,0.0,1
-0.7314770242765092,1.9060212064086666,0.262846154835968,0.17049383720475197,0.0,1.0,0.0,1
-1.3560272020244502,-1.2143509487653177,-0.7549213541844867,1.9102268699063052,0.0,1.0,0.0,0
-0.8323553054673287,-0.9206688635724721,-1.511037394394366,-0.6993726791460246,1.0,0.0,0.0,1
-0.8062577842582362,1.4410245715199943,-0.334172831273611,0.17049383720475197,1.0,0.0,0.0,1
-0.338843604924937,-1.055273152619193,0.018044068537033414,0.17049383720475197,0.0,0.0,1.0,0
1.1075374847768824,-1.312244977162933,-1.2012679774495858,-0.6993726791460246,1.0,0.0,0.0,1
-0.37265332237523896,-0.4923824893329057,-0.6097574433149663,-0.6993726791460246,1.0,0.0,0.0,1
-0.867473341922836,0.4009005197953329,-1.0324501257464158,-1.5692391954968012,1.0,0.0,0.0,1
-0.22247207235668776,-0.11304312929214684,0.4118983847466363,1.9102268699063052,0.0,1.0,0.0,0
1.0132696575070994,-0.6514602854790303,-0.08110806701223724,0.17049383720475197,0.0,0.0,1.0,1
-0.8388280415983438,-0.6759337925784342,-0.8179445253097584,0.17049383720475197,1.0,0.0,0.0,0
-0.8037100051428366,-0.7126440532275399,-0.5060689355510231,0.17049383720475197,0.0,0.0,1.0,0
0.3804564123578626,-0.8717218493736646,0.3237631531472846,0.17049383720475197,1.0,0.0,0.0,0
-0.3546122918824098,2.224176798700916,0.35956809098452125,0.17049383720475197,1.0,0.0,0.0,1
0.48395133155909253,0.2785329842983139,1.179355355493197,0.17049383720475197,1.0,0.0,0.0,0
-0.18583914021094303,0.8536604011343032,-0.2813564976313525,0.17049383720475197,1.0,0.0,0.0,1
0.5492984229243402,-0.4923824893329057,-0.35588261258668663,-0.6993726791460246,1.0,0.0,0.0,0
-0.8696079676681707,-0.19870040414006013,0.6056662836305051,1.9102268699063052,1.0,0.0,0.0,0
-0.18453082120573785,-0.7126440532275399,0.45256372138530776,0.17049383720475197,0.0,0.0,1.0,0
-0.3462803655861032,-2.609340853431334,-0.8017431959716422,-0.6993726791460246,1.0,0.0,0.0,0
-0.958298224442079,-1.3611919913617405,0.19755479760336003,0.17049383720475197,0.0,0.0,1.0,0
-1.107859744405533,-1.789478365601307,-0.37467615461890136,-1.5692391954968012,0.0,1.0,0.0,0
0.5299490734263058,-2.2177647398408733,2.0219864943686163,1.9102268699063052,1.0,0.0,0.0,0
-0.4512213215825599,-1.189877441665914,1.9082531624150412,1.9102268699063052,0.0,1.0,0.0,0
-0.8630663726421448,1.2819467753738696,-0.44725811005366156,1.9102268699063052,1.0,0.0,0.0,1
-0.25497347080178456,-0.06409611509333923,-0.3915255371305421,-0.6993726791460246,1.0,0.0,0.0,1
1.1302609201304459,1.245236514724764,0.32343912656052226,-0.6993726791460246,0.0,1.0,0.0,1
-1.345216355507755,0.38866376624563104,-1.0465452822705767,-0.6993726791460246,0.0,1.0,0.0,1
-1.0810736342463325,0.755766372736688,-1.6803412859776794,-1.5692391954968012,1.0,0.0,0.0,1
-0.8104581768538949,-0.8961953564730684,-1.738018018421373,-1.5692391954968012,1.0,0.0,0.0,0
1.6787220188914547,0.4987945481929481,0.3491992402081269,-1.5692391954968012,1.0,0.0,0.0,1
0.08711751961186164,0.6945826049881785,0.12400076240831284,1.9102268699063052,0.0,1.0,0.0,1
0.6308962135121362,-0.578039764180819,-0.19856770471357912,-1.5692391954968012,1.0,0.0,0.0,0
-0.9221473045614098,0.5355048088420539,-1.7153361573480104,-1.5692391954968012,1.0,0.0,0.0,1
-0.9120250469948225,0.5355048088420539,-1.3096548707215827,0.17049383720475197,1.0,0.0,0.0,1
0.25788757923864153,-0.5535662570814152,0.37657948678954317,0.17049383720475197,1.0,0.0,0.0,0
-0.12324640464612734,-1.1164569203677026,0.11168775211134459,0.17049383720475197,0.0,1.0,0.0,0
0.3693701302611241,-1.177640688116212,0.7137291503157396,0.17049383720475197,0.0,1.0,0.0,1
-0.3283081939882848,0.07050817395338166,2.3021074786246443,1.9102268699063052,1.0,0.0,0.0,1
0.08271055033117054,0.30300649139771774,0.32068490057304255,0.17049383720475197,1.0,0.0,0.0,1
-0.0324903810218951,-0.7860645745257513,0.4293958204318017,0.17049383720475197,1.0,0.0,0.0,0
0.6441171213542095,0.009324406204872158,-0.48614130046514026,0.17049383720475197,0.0,1.0,0.0,1
0.6815763602400838,0.5477415623917558,-0.6364896367228579,0.17049383720475197,0.0,1.0,0.0,0
-1.1297568730189669,0.5844518230408614,0.426641594444322,-0.6993726791460246,1.0,0.0,0.0,1
-1.335989263576308,1.502208339268504,-1.3862871584908718,0.17049383720475197,1.0,0.0,0.0,1
0.9450993514464091,1.232999761175062,-0.6272548790001317,-0.6993726791460246,1.0,0.0,0.0,0
1.2219121093898184,-0.9940893848706835,0.6541082583514723,0.17049383720475197,1.0,0.0,0.0,1
-0.8621712070070044,1.6368126283152247,-0.7900782388481987,-0.6993726791460246,0.0,1.0,0.0,1
-1.2163125040475404,-0.5290927499820114,-1.6314132713765688,-0.6993726791460246,1.0,0.0,0.0,1
-0.0867511902904042,1.012738197280428,-0.5627735882344295,-0.6993726791460246,1.0,0.0,0.0,1
0.8461491193158919,0.046034666853977856,1.4871806129174032,0.17049383720475197,0.0,0.0,1.0,0
2.333432392654126,-0.4189619680346943,0.2842319095622813,-0.6993726791460246,1.0,0.0,0.0,1
0.33287491590540097,-1.789478365601307,-0.9033255309216304,0.17049383720475197,1.0,0.0,0.0,1
-0.46609484290489234,-0.18646365059035822,1.2235849845862539,1.9102268699063052,1.0,0.0,0.0,1
-0.7941386187363357,-1.544743294607269,-0.6070032173274865,-1.5692391954968012,1.0,0.0,0.0,0
-0.16421744717755235,0.9270809224325146,-0.5344212618927263,0.17049383720475197,1.0,0.0,0.0,1
-0.4133489293266208,1.465498078619398,-1.738018018421373,-0.6993726791460246,1.0,0.0,0.0,1
-0.8593479923115618,-0.7983013280754532,-1.3187276151509277,-0.6993726791460246,1.0,0.0,0.0,1
2.899314791852867,0.2785329842983139,1.5097004606973847,0.17049383720475197,1.0,0.0,0.0,1
2.307266012550022,-0.7248808067772418,2.839829599356718,1.9102268699063052,1.0,0.0,0.0,0
1.1423800856523465,-0.6269867783796266,-0.5191920123148971,-0.6993726791460246,0.0,1.0,0.0,1
-0.8093564345337221,0.7435296191869861,-0.43413503328978753,0.17049383720475197,1.0,0.0,0.0,1
0.7441690958048995,-0.051859361543637336,0.6613988565536245,-0.6993726791460246,1.0,0.0,0.0,0
0.47465538073263475,1.6857596425140324,-1.6301171650295194,0.17049383720475197,1.0,0.0,0.0,1
0.2522411498477561,-0.4923824893329057,1.0212303811531835,0.17049383720475197,0.0,1.0,0.0,1
1.3199671758851954,0.9637911830816203,-0.22141157908032286,0.17049383720475197,0.0,1.0,0.0,1
0.4696286813968465,0.08274492750308356,0.565324973578596,0.17049383720475197,1.0,0.0,0.0,1
0.5966733426917694,0.7680031262863899,-0.08613047910705324,-1.5692391954968012,1.0,0.0,0.0,1
0.47141901266712727,-0.45567222868380003,1.1757910630388113,0.17049383720475197,1.0,0.0,0.0,0
0.14564758037104023,-0.06409611509333923,0.5748837578880844,0.17049383720475197,1.0,0.0,0.0,0
-1.1899395472584047,-0.12527988284184874,-1.738018018421373,0.17049383720475197,1.0,0.0,0.0,1
-0.10066068708258548,-0.8350115887245588,-1.2825986507269287,-1.5692391954968012,1.0,0.0,0.0,0
-0.5920377618796425,0.633398837239669,-0.14121499885664804,0.17049383720475197,1.0,0.0,0.0,0
-0.9878386904017115,0.6211620836899671,-0.6160759617568315,0.17049383720475197,1.0,0.0,0.0,1
2.095593769286828,0.5599783159414576,0.876876536750569,-1.5692391954968012,1.0,0.0,0.0,1
2.1908256210867623,1.489971585718802,1.5027338890819948,-0.6993726791460246,1.0,0.0,0.0,1
1.501066069763595,1.4043143108708886,1.3230611467222868,0.17049383720475197,0.0,1.0,0.0,1
0.06019369166263948,-0.3822517073855886,-0.0892087316812953,0.17049383720475197,1.0,0.0,0.0,1
1.4864679840213058,0.35195350559652533,-0.9969692144959416,-0.6993726791460246,0.0,0.0,1.0,1
-0.16373543491247677,-0.6269867783796266,-0.40043626826650597,0.17049383720475197,1.0,0.0,0.0,0
0.009582403829702688,0.009324406204872158,0.395535042115139,0.17049383720475197,0.0,1.0,0.0,1
-0.8991484336278032,-0.6025132712802228,-1.2955597141974216,0.17049383720475197,0.0,0.0,1.0,0
0.20383334665516484,1.5756288605667153,0.6701475743962073,0.17049383720475197,0.0,0.0,1.0,1
-0.12138721448083578,0.33971675204682344,0.7263661871994702,0.17049383720475197,0.0,1.0,0.0,1
-0.9980986657583204,-0.22317391123946392,-0.3605809980947403,0.17049383720475197,0.0,1.0,0.0,0
-0.21765194970593188,1.1473424863271489,-1.738018018421373,1.9102268699063052,1.0,0.0,0.0,1
-0.2414082684846573,-2.144344218542662,-1.10697624070175,0.17049383720475197,0.0,1.0,0.0,0
2.333363533759115,-1.9852664223965375,2.7889574252350333,0.17049383720475197,1.0,0.0,0.0,0
0.7964329971180955,0.7680031262863899,0.02274245404508709,0.17049383720475197,1.0,0.0,0.0,1
-0.16428630607256314,0.046034666853977856,-1.6390278961654834,0.17049383720475197,1.0,0.0,0.0,1
0.05392753221665683,0.22958597009950635,0.4337701793530931,-1.5692391954968012,0.0,1.0,0.0,0
-0.13564100574807103,-1.312244977162933,-0.0060959121767596046,0.17049383720475197,1.0,0.0,0.0,0
-0.34022078282515295,-0.03962260799393544,0.7722159492263388,0.17049383720475197,1.0,0.0,0.0,1
-0.8936397220269393,1.9427314670577722,0.46309458545508325,1.9102268699063052,1.0,0.0,0.0,1
-0.2993874580837495,0.7924766333857937,0.26981272645135795,0.17049383720475197,1.0,0.0,0.0,1
-0.7101307668231617,0.15616544880129496,-0.02019106870092063,0.17049383720475197,1.0,0.0,0.0,1
-0.974342346979595,-0.4434354751340981,0.7620091117433256,1.9102268699063052,1.0,0.0,0.0,0
0.32722848651451547,-0.40672521448499244,2.0675122298087225,0.17049383720475197,1.0,0.0,0.0,0
0.19784262278922538,-2.0953972043438545,0.6181413072208545,-0.6993726791460246,1.0,0.0,0.0,0
-1.1910412895785774,0.24182272364920823,-1.738018018421373,-0.6993726791460246,1.0,0.0,0.0,1
-0.27652630494016445,0.8169501404851975,-0.37613427425933177,-1.5692391954968012,1.0,0.0,0.0,1
0.9365608484650702,-1.5569800481569709,0.814663432092203,-1.5692391954968012,1.0,0.0,0.0,0
1.0279366021443996,-0.6636970390287323,1.5596005550587824,0.17049383720475197,1.0,0.0,0.0,0
0.9795287989518083,-1.1531671810168083,0.21472820670176312,0.17049383720475197,0.0,1.0,0.0,0
-0.14032341060880532,-0.9573791242215779,0.9243464317112492,0.17049383720475197,1.0,0.0,0.0,0
-0.7673525085771351,0.03379791330427596,-0.24052914769929987,-1.5692391954968012,0.0,0.0,1.0,0
-0.8942594520820365,-2.058686943694749,1.6743059667726443,0.17049383720475197,0.0,0.0,1.0,0
0.14957253738665574,0.5844518230408614,-0.8009331295047365,-0.6993726791460246,1.0,0.0,0.0,1
0.18531030389726008,0.7190561120875824,0.38613827109903165,1.9102268699063052,1.0,0.0,0.0,1
1.3811138746547842,-0.2598841718885696,0.19609667796292957,-0.6993726791460246,1.0,0.0,0.0,1
1.0881192763838372,-2.4380263037355077,0.21942659220981678,0.17049383720475197,0.0,1.0,0.0,0
-0.2842385011813739,-0.9940893848706835,-1.1388928594978387,-0.6993726791460246,0.0,1.0,0.0,1
-0.9715191322841522,1.1962895005259564,-1.738018018421373,0.17049383720475197,0.0,1.0,0.0,1
-0.4280158739639208,-2.7317083889283533,-0.5204881186619464,0.17049383720475197,1.0,0.0,0.0,0
0.023354182831862358,-0.35777820028618484,0.3645905030793372,0.17049383720475197,1.0,0.0,0.0,1
-0.33960105277005576,-1.1654039345665101,-0.8461348383580805,-0.6993726791460246,1.0,0.0,0.0,0
-0.6061538353568562,0.7680031262863899,1.955399030788959,1.9102268699063052,0.0,1.0,0.0,0
0.05792134812728313,-0.6759337925784342,0.09402830313279802,0.17049383720475197,1.0,0.0,0.0,0
-0.5575394554792326,0.37642701269592915,0.8104510864642929,0.17049383720475197,0.0,1.0,0.0,0
-0.6381043626418667,0.5355048088420539,-0.06523076426088345,0.17049383720475197,0.0,1.0,0.0,1
0.11596939662138614,1.7836536709116475,1.430799986820759,1.9102268699063052,1.0,0.0,0.0,1
-0.48757881814826143,-0.21093715768976204,-0.29690977379594397,-0.6993726791460246,1.0,0.0,0.0,0
0.04931398625093334,0.35195350559652533,0.8635914466933138,-0.6993726791460246,1.0,0.0,0.0,1
0.07782156878540386,-1.4713227733090577,-0.18512060136294273,-0.6993726791460246,0.0,1.0,0.0,1
-0.9218030100863558,1.1473424863271489,-0.3459998016904358,-0.6993726791460246,1.0,0.0,0.0,0
-0.5423216396818461,-0.7615910674263475,0.06924026924548035,0.17049383720475197,0.0,0.0,1.0,0
1.6371312463049326,-0.5658030106311172,1.31512249534661,1.9102268699063052,1.0,0.0,0.0,0
-0.9327515743930728,-0.03962260799393544,0.5465314315463813,1.9102268699063052,0.0,0.0,1.0,0
-1.2981857302153796,-1.544743294607269,1.1913443392034029,0.17049383720475197,0.0,1.0,0.0,0
-1.2170010929976485,0.20511246300010255,-0.7957487041165393,0.17049383720475197,1.0,0.0,0.0,0
-0.14886191359014433,0.9270809224325146,0.9640396885896337,1.9102268699063052,0.0,1.0,0.0,0
-0.14734701789990676,0.26629623074861203,1.6440094809103674,1.9102268699063052,0.0,1.0,0.0,0
-0.27246363013452735,-1.5692168017066728,0.5118605867628128,-0.6993726791460246,0.0,0.0,1.0,0
1.26343402308133,-0.13751663639155062,0.7168074028899817,0.17049383720475197,1.0,0.0,0.0,0
-1.443202563108121,0.7068193585378804,-1.738018018421373,0.17049383720475197,1.0,0.0,0.0,0
0.20273160433499207,-1.8506621333498166,0.252801330646336,-0.6993726791460246,1.0,0.0,0.0,0
1.8624375507802648,-1.067509906168895,-0.7806814678320914,0.17049383720475197,1.0,0.0,0.0,1
-0.9160877218004596,0.8414236475846013,1.4178389233502662,1.9102268699063052,1.0,0.0,0.0,0
-0.4718789900857994,0.25405947719891014,0.5943253530938238,1.9102268699063052,1.0,0.0,0.0,0
-0.7141934416287988,0.38866376624563104,1.1414442448420052,1.9102268699063052,1.0,0.0,0.0,1
-0.7948272076864437,1.8081271780110513,-1.088992765136441,0.17049383720475197,1.0,0.0,0.0,1
-0.4332491499847415,0.43761078044443863,-1.738018018421373,-0.6993726791460246,1.0,0.0,0.0,1
1.6189524980220817,0.633398837239669,0.7785344676682041,-0.6993726791460246,0.0,1.0,0.0,1
2.4184042690974508,2.432201609045848,1.277859437868943,0.17049383720475197,0.0,1.0,0.0,1
-0.44034161617085377,-0.22317391123946392,-0.5728184124240615,0.17049383720475197,1.0,0.0,0.0,1
2.566932905635743,-0.7983013280754532,1.4505656086132608,0.17049383720475197,1.0,0.0,0.0,0
-0.14321548419925886,0.4009005197953329,2.220938818640682,0.17049383720475197,0.0,0.0,1.0,1
2.2416434856047314,0.4131372733450348,1.8896216336762077,0.17049383720475197,1.0,0.0,0.0,0
-0.25256340947640665,-0.5290927499820114,0.7727019891064824,0.17049383720475197,1.0,0.0,0.0,0
-0.057555018805825704,-1.0307996455197892,0.3830600185247896,-0.6993726791460246,1.0,0.0,0.0,0
0.17098765373501404,2.2486503058003198,1.0162079690583676,-0.6993726791460246,0.0,1.0,0.0,1
6.541192890078981,0.30300649139771774,2.6371509693368855,-1.5692391954968012,1.0,0.0,0.0,1
0.739211255364122,-0.7371175603269436,-1.5526748107933244,-0.6993726791460246,0.0,1.0,0.0,1
-0.6869253192045226,0.878133908233707,0.19301842538868752,1.9102268699063052,0.0,1.0,0.0,1
0.8989638917891742,-0.12527988284184874,1.1761150896255737,0.17049383720475197,1.0,0.0,0.0,0
-0.4590023767187801,-0.2598841718885696,-1.29393958126361,-0.6993726791460246,0.0,1.0,0.0,1
-0.5480369279677424,0.5355048088420539,-0.3732180349784709,0.17049383720475197,0.0,1.0,0.0,1
0.8158512055111407,-1.2755347165138273,-0.08483437276000395,0.17049383720475197,1.0,0.0,0.0,0
-0.14714044121487435,0.32747999849712156,0.5457213650794754,-1.5692391954968012,1.0,0.0,0.0,1
0.08312370370123533,1.857074192209859,0.3793337127770229,-0.6993726791460246,1.0,0.0,0.0,1
-0.1620828214322176,0.43761078044443863,0.1730907903028047,-0.6993726791460246,1.0,0.0,0.0,1
0.14137832888037075,-0.3822517073855886,0.6299682776376793,0.17049383720475197,1.0,0.0,0.0,0
0.23344267150980813,-0.5168559964323095,-0.18009818926812673,-0.6993726791460246,0.0,0.0,1.0,1
-1.242065730781579,-0.4189619680346943,-1.0776518345997599,-1.5692391954968012,1.0,0.0,0.0,1
0.5068124847026776,-0.2598841718885696,-1.2924814616231797,-1.5692391954968012,1.0,0.0,0.0,1
-0.8420644096638513,-0.3822517073855886,-1.738018018421373,0.17049383720475197,0.0,1.0,0.0,1
-1.0586256344728122,0.878133908233707,-1.0212712085031157,-1.5692391954968012,1.0,0.0,0.0,1
-0.22371153246688213,-1.7160578443030956,0.19998499700407746,0.17049383720475197,0.0,0.0,1.0,0
-0.10031639260753149,0.8291868940348994,0.656862484338952,-0.6993726791460246,0.0,1.0,0.0,1
-0.6785933929082161,-0.3822517073855886,0.9748945792461715,0.17049383720475197,1.0,0.0,0.0,1
0.7127005807849647,0.35195350559652533,1.693909575271765,0.17049383720475197,1.0,0.0,0.0,1
-1.015657683986074,-1.1164569203677026,-1.2809785177931172,0.17049383720475197,0.0,0.0,1.0,1
-0.49109062179381213,1.2819467753738696,-1.1343564872831662,-1.5692391954968012,0.0,1.0,0.0,1
-0.6106296635325581,1.2085262540756583,0.1262689485156491,0.17049383720475197,0.0,0.0,1.0,1
-0.21379585158532716,0.9270809224325146,2.641687341551558,1.9102268699063052,1.0,0.0,0.0,1
0.08346799817628932,-1.4957962804084615,0.6473037000294636,-1.5692391954968012,0.0,1.0,0.0,0
-0.8555607530859678,0.7924766333857937,0.1931804386820687,-0.6993726791460246,1.0,0.0,0.0,1
0.5771174165087027,0.37642701269592915,0.6858628638541799,1.9102268699063052,1.0,0.0,0.0,1
-0.11904601205046864,-1.5814535552563747,-0.7238148018553038,0.17049383720475197,1.0,0.0,0.0,0
-1.2271233505642358,-0.03962260799393544,-0.2669373145204291,-0.6993726791460246,0.0,1.0,0.0,0
-1.2490893380726804,0.33971675204682344,-1.738018018421373,-0.6993726791460246,1.0,0.0,0.0,1
-0.18473739789077026,0.5232680552923519,-0.23550673560448387,0.17049383720475197,1.0,0.0,0.0,1
-0.354199138512345,0.15616544880129496,-0.22303171201413446,0.17049383720475197,0.0,1.0,0.0,0
-0.26089533577271323,0.26629623074861203,1.208517748301806,0.17049383720475197,1.0,0.0,0.0,0
-0.19802716462785436,1.4287878179702924,0.31145014285031636,1.9102268699063052,1.0,0.0,0.0,1
0.03141067354812577,1.1840527469762545,-1.738018018421373,0.17049383720475197,1.0,0.0,0.0,1
0.8692857080395201,-2.8173656637762665,0.5878448213585774,-0.6993726791460246,1.0,0.0,0.0,0
-0.9078935132941746,-0.32106793963707914,-0.9828740579717805,0.17049383720475197,0.0,0.0,1.0,0
-0.9375028381488179,-0.17422689704065633,-0.7215466157479675,-0.6993726791460246,0.0,1.0,0.0,1
-0.8990795747327924,-1.7282945978527975,-0.8064415814796959,-0.6993726791460246,1.0,0.0,0.0,1
0.09338367905784428,0.08274492750308356,-0.7682064442417419,-1.5692391954968012,0.0,0.0,1.0,0
1.3123926974340074,1.2085262540756583,1.048772641027981,-0.6993726791460246,0.0,1.0,0.0,1
-0.5080987688614793,-1.079746659718597,-1.4514165024300987,0.17049383720475197,1.0,0.0,0.0,0
-1.4027823917367823,0.3152432449474196,-1.738018018421373,-1.5692391954968012,0.0,1.0,0.0,1
-1.1612942469339125,-0.9084321100227702,0.006217098120208647,0.17049383720475197,1.0,0.0,0.0,0
-0.7606043368660769,-0.6759337925784342,-0.8378721603956413,0.17049383720475197,0.0,0.0,1.0,0
-0.5930706453048045,1.4287878179702924,-1.5568871564212348,0.17049383720475197,0.0,1.0,0.0,0
-0.49205464632396334,-0.5413295035317133,0.3401264957787819,0.17049383720475197,0.0,1.0,0.0,1
-0.14059884618884852,0.43761078044443863,0.8903236401012053,0.17049383720475197,1.0,0.0,0.0,0
-0.42257602125806776,-1.8506621333498166,-0.2019699838745835,0.17049383720475197,0.0,1.0,0.0,1
1.0135450930871426,1.8081271780110513,-1.6586315046646039,-1.5692391954968012,1.0,0.0,0.0,1
-0.6678514052865315,0.5722150694911595,0.27937151076084643,0.17049383720475197,1.0,0.0,0.0,0
-0.7770616127736577,-0.19870040414006013,-1.6936263760349346,0.17049383720475197,1.0,0.0,0.0,1
0.2915595788989219,0.5477415623917558,0.13031928085017813,-0.6993726791460246,0.0,1.0,0.0,0
-1.0967734623087944,-1.3979022520108462,-1.738018018421373,-1.5692391954968012,1.0,0.0,0.0,0
0.1961900093089662,1.1473424863271489,-1.1087583869289428,-0.6993726791460246,0.0,0.0,1.0,1
-0.08358368111990748,-0.333304693186781,-0.34794396121100973,0.17049383720475197,0.0,1.0,0.0,0
-0.296495384493296,-0.21093715768976204,-0.24862981236835793,0.17049383720475197,1.0,0.0,0.0,0
1.913186556403223,-0.4923824893329057,0.1977168108967412,-0.6993726791460246,1.0,0.0,0.0,1
-0.6343859823112835,-0.578039764180819,0.2017671432312702,0.17049383720475197,1.0,0.0,0.0,0
2.927064926542218,0.6701090978887747,1.8551128021860204,1.9102268699063052,1.0,0.0,0.0,1
-0.35764208326288494,0.22958597009950635,0.3381823362582079,-0.6993726791460246,0.0,1.0,0.0,1
-0.9865303713965062,0.6211620836899671,0.41837891648188275,1.9102268699063052,1.0,0.0,0.0,1
-0.11291757039450759,-0.02738585444423354,-1.2182793732546078,-1.5692391954968012,0.0,1.0,0.0,1
-0.8905410717514534,0.4865577946432462,-0.46119125328444144,1.9102268699063052,1.0,0.0,0.0,1
-0.7135048526786908,-0.4311987215843962,-1.0026396797642823,1.9102268699063052,0.0,1.0,0.0,1
0.20390220555017563,2.1629930309524066,-0.2538142377565551,-1.5692391954968012,0.0,0.0,1.0,1
0.3770823265023335,-1.544743294607269,-0.03882259743975417,0.17049383720475197,0.0,1.0,0.0,0
-0.6343859823112835,1.2207630076253602,-1.5486244784587955,1.9102268699063052,0.0,1.0,0.0,1
0.9247859774182235,1.3186570360229755,0.7459697956985907,1.9102268699063052,0.0,1.0,0.0,0
1.1751569196774865,-0.8472483422742608,0.5797441566895193,1.9102268699063052,1.0,0.0,0.0,1
1.6345146082945223,2.1629930309524066,2.175737109787338,0.17049383720475197,1.0,0.0,0.0,1
0.34754186054270103,0.9637911830816203,-1.738018018421373,-1.5692391954968012,1.0,0.0,0.0,1
1.508227394844718,0.9393176759822165,-0.3336867913934676,0.17049383720475197,1.0,0.0,0.0,1
-1.2234049702336527,0.009324406204872158,0.3190647676392309,0.17049383720475197,0.0,1.0,0.0,1
-0.42712070832878046,-0.22317391123946392,0.9313130033266391,0.17049383720475197,1.0,0.0,0.0,0
-0.779678250784068,-0.22317391123946392,-0.9538736784565527,0.17049383720475197,0.0,1.0,0.0,0
-0.06836586532252105,0.3641902591462272,-0.4942419651341983,0.17049383720475197,1.0,0.0,0.0,1
-0.6019534427611974,1.3553672966720811,-0.08321423982619233,-0.6993726791460246,0.0,1.0,0.0,1
-0.3113689058156284,0.16840220235099684,-1.738018018421373,0.17049383720475197,1.0,0.0,0.0,1
2.5161150411177737,-0.9084321100227702,-0.8001230630378307,-1.5692391954968012,1.0,0.0,0.0,1
-0.31419212051107115,0.7924766333857937,-0.3367650439677096,0.17049383720475197,0.0,1.0,0.0,1
0.22153008267294003,0.8903706617834088,1.4235093886186068,0.17049383720475197,0.0,0.0,1.0,0
-0.3628753592837056,0.6211620836899671,-0.4875994201055707,0.17049383720475197,1.0,0.0,0.0,1
-0.1076842943736869,0.7190561120875824,0.07928509343511235,0.17049383720475197,1.0,0.0,0.0,0
-0.16896871093329743,-0.28435767898797343,0.56030256148378,-0.6993726791460246,1.0,0.0,0.0,0
0.2584384503987279,-0.9206688635724721,2.5417251395353815,1.9102268699063052,1.0,0.0,0.0,0
1.187207226304376,-0.8594850958239627,0.20047103688422094,0.17049383720475197,0.0,1.0,0.0,0
2.0274923221211485,-1.6181638159054805,0.7650873643175677,-0.6993726791460246,0.0,1.0,0.0,0
0.11411020645609458,0.21734921654980444,1.2642503212249254,-0.6993726791460246,1.0,0.0,0.0,1
0.41605646107844535,-0.10080637574244493,-1.2884311292886506,-0.6993726791460246,1.0,0.0,0.0,1
-0.9273117216872198,-0.4434354751340981,0.405579866304771,0.17049383720475197,1.0,0.0,0.0,1
-0.24815644019571553,-2.9030229386241797,-0.2520320915293623,1.9102268699063052,0.0,0.0,1.0,0
0.8591634504729327,-1.2388244558647215,0.5810402630365686,0.17049383720475197,1.0,0.0,0.0,1
0.7586294637571672,1.0861587185786392,-0.0746275352769908,-0.6993726791460246,0.0,1.0,0.0,1
0.01798318902102009,-0.6636970390287323,-0.0653927775542646,1.9102268699063052,1.0,0.0,0.0,0
0.7858975861814433,0.33971675204682344,-0.6603055908498886,-0.6993726791460246,1.0,0.0,0.0,1
0.30464276895097364,-1.3734287449114424,1.082957445931406,1.9102268699063052,1.0,0.0,0.0,0
1.2416057533629068,1.3920775573211868,1.17838327573291,-0.6993726791460246,0.0,0.0,1.0,1
0.09386569132291987,-0.16199014349095442,-0.003341686189279864,0.17049383720475197,1.0,0.0,0.0,0
-0.454595407438089,0.26629623074861203,0.5227154774193505,1.9102268699063052,1.0,0.0,0.0,1
0.14062088103525194,2.2608870593500217,0.26479031435654193,-0.6993726791460246,0.0,1.0,0.0,1
-1.4979453846417057,1.465498078619398,-1.5092552481671733,0.17049383720475197,1.0,0.0,0.0,0
0.18909754312285398,-0.32106793963707914,1.3983973281445268,1.9102268699063052,0.0,0.0,1.0,0
-1.5513110282750744,-0.5902765177305209,-0.4099950525759945,-0.6993726791460246,1.0,0.0,0.0,1
-1.1683867131200247,-0.333304693186781,0.9094412087201824,-1.5692391954968012,1.0,0.0,0.0,1
0.26215683072931106,0.4865577946432462,-0.11577891179580574,0.17049383720475197,1.0,0.0,0.0,0
0.29011354210369517,-0.11304312929214684,-0.49164975244009973,-0.6993726791460246,1.0,0.0,0.0,1
-0.9329581510781052,-0.40672521448499244,-0.454710721549195,-1.5692391954968012,1.0,0.0,0.0,0
-0.6898173927949762,1.4165510644205905,0.3597301042779024,0.17049383720475197,1.0,0.0,0.0,1
1.5203465603666186,-0.12527988284184874,0.4067139593584391,0.17049383720475197,1.0,0.0,0.0,1
-0.5441808298471377,2.236413552250618,-0.8790235369144562,-0.6993726791460246,1.0,0.0,0.0,1
3.388144087534524,0.07050817395338166,1.9213762391789153,-0.6993726791460246,1.0,0.0,0.0,1
-0.1757857415393665,1.73470665671284,-0.7080995123973312,0.17049383720475197,1.0,0.0,0.0,0
0.21547049991198977,0.33971675204682344,-0.1677851789711585,0.17049383720475197,1.0,0.0,0.0,1
1.9680670957268294,0.9270809224325146,1.1445224974162473,0.17049383720475197,1.0,0.0,0.0,1
-0.057555018805825704,-0.7248808067772418,0.8302167082567945,0.17049383720475197,1.0,0.0,0.0,0
-0.8526686794955143,-0.8472483422742608,-0.22983627033614323,1.9102268699063052,1.0,0.0,0.0,0
-0.2660597528985231,0.43761078044443863,-1.5769768048004986,0.17049383720475197,1.0,0.0,0.0,1
-0.2044999007588694,0.9515544295319184,-1.738018018421373,-1.5692391954968012,1.0,0.0,0.0,1
-1.0255733648676288,0.021561159754574056,-0.849699130812466,1.9102268699063052,1.0,0.0,0.0,0
-0.38084753088152395,-1.2755347165138273,-1.207586495891451,0.17049383720475197,1.0,0.0,0.0,0
-0.7078584232878053,-1.3489552378120386,-1.0864005524423426,-1.5692391954968012,1.0,0.0,0.0,0
0.8372663218594989,-1.410139005560548,-0.800447089624593,-0.6993726791460246,1.0,0.0,0.0,0
-0.14411064983439922,-1.7405313514024994,-0.5906398746959892,0.17049383720475197,1.0,0.0,0.0,0
-0.40109204601469867,0.09498168105278545,-1.4295447078236418,-1.5692391954968012,1.0,0.0,0.0,1
-0.2631676793080696,1.0861587185786392,-0.7638320853204505,-0.6993726791460246,0.0,1.0,0.0,1
0.029069471117758622,-0.02738585444423354,0.4916089250901676,-1.5692391954968012,1.0,0.0,0.0,1
0.4477315527834126,-2.230001493390575,0.8213059771208306,0.17049383720475197,0.0,1.0,0.0,0
-0.8513603604903092,-0.19870040414006013,-0.374352128032139,0.17049383720475197,1.0,0.0,0.0,0
-0.8729820535236998,-0.17422689704065633,-0.7720947632828897,0.17049383720475197,0.0,1.0,0.0,1
1.0951428836749386,2.0406254954553873,-0.05486191348448913,-0.6993726791460246,1.0,0.0,0.0,1
-0.49487786101940606,-1.446849266209654,-0.585455449307792,-1.5692391954968012,1.0,0.0,0.0,1
-1.0478836468511277,-0.3944884609352905,-0.015978723073010438,0.17049383720475197,1.0,0.0,0.0,0
0.25354946885296126,1.6490493818649266,-0.8748111912865459,-0.6993726791460246,1.0,0.0,0.0,1
0.27468914962127633,0.42537402689473675,0.22493504418477628,0.17049383720475197,1.0,0.0,0.0,1
